account_id,customer_id,branch_id,balance,account_type
1,967,82,8862.98,Savings
2,938,7,7437.13,Savings
3,560,79,12693.68,Savings
4,714,88,7424.69,Checking
5,498,49,3657.43,Savings
6,849,55,2255.67,Savings
7,926,13,3898.0,Current
8,60,73,6845.34,Current
9,257,56,3644.99,Savings
10,577,56,6846.77,Savings
11,239,15,7756.94,Savings
12,38,57,11503.11,Savings
13,25,58,18033.53,Current
14,410,35,5405.65,Checking
15,461,88,1352.1,Savings
16,988,97,3540.73,Savings
17,357,16,5225.24,Current
18,383,8,797.45,Savings
19,1182,93,20047.46,Savings
20,569,87,5765.06,Current
21,1072,45,7321.32,Savings
22,433,95,19588.93,Savings
23,56,40,2662.58,Current
24,577,54,8877.14,Checking
25,268,14,4479.78,Savings
26,69,59,4159.32,Savings
27,902,94,2310.0,Checking
28,793,53,26444.31,Current
29,257,27,3434.73,Checking
30,672,47,10063.37,Savings
31,490,80,766.77,Checking
32,746,6,16271.68,Current
33,49,55,14319.88,Savings
34,316,97,5511.69,Current
35,413,44,3984.83,Current
36,434,18,7459.12,Checking
37,1026,16,49315.01,Checking
38,1169,12,857.44,Current
39,420,20,10929.5,Current
40,844,45,2009.37,Savings
41,916,64,4901.39,Current
42,434,59,3902.27,Current
43,643,93,3258.02,Checking
44,57,94,4947.95,Current
45,964,90,1608.44,Current
46,977,22,13993.86,Checking
47,745,97,831.35,Savings
48,46,47,8578.01,Checking
49,1194,29,3607.09,Checking
50,417,86,1550.4,Current
51,848,45,6121.59,Current
52,139,77,1053.89,Savings
53,247,9,5202.56,Current
54,1172,24,1205.1,Savings
55,230,15,7930.45,Savings
56,792,36,1983.93,Savings
57,637,13,3184.97,Savings
58,374,91,6708.58,Current
59,1104,44,2309.19,Checking
60,738,71,4718.42,Checking
61,1089,72,1100.33,Current
62,88,78,9396.28,Current
63,1112,76,29205.34,Savings
64,713,36,81585.11,Current
65,601,61,5477.27,Checking
66,539,81,10997.21,Current
67,214,40,842.66,Current
68,74,93,22469.8,Savings
69,61,27,10866.3,Savings
70,698,1,3081.77,Savings
71,12,34,17229.43,Savings
72,814,68,3876.61,Checking
73,32,88,3162.66,Current
74,1184,21,8042.76,Current
75,1001,33,1726.48,Savings
76,237,7,13888.52,Checking
77,979,65,1739.24,Checking
78,558,3,1749.59,Current
79,1104,51,2013.25,Savings
80,647,79,10686.04,Current
81,987,95,2698.41,Current
82,820,54,1298.8,Checking
83,473,80,2728.52,Checking
84,112,74,4842.33,Current
85,383,93,1534.9,Savings
86,17,59,1580.52,Savings
87,493,6,41294.7,Current
88,926,29,2114.61,Current
89,117,17,3619.72,Savings
90,880,60,3463.23,Savings
91,115,22,3280.78,Savings
92,814,24,9307.17,Current
93,644,81,12904.56,Checking
94,336,85,3682.1,Savings
95,922,51,1452.03,Savings
96,147,50,17883.49,Savings
97,122,11,4545.31,Current
98,81,56,28212.35,Checking
99,685,71,529.33,Checking
100,662,42,6079.01,Savings
101,375,39,34057.29,Current
102,63,69,3511.96,Checking
103,504,48,3990.61,Current
104,668,57,6719.07,Checking
105,449,21,2859.49,Savings
106,868,82,3659.64,Current
107,680,99,3566.64,Savings
108,1190,20,2669.84,Checking
109,461,15,17086.6,Checking
110,459,69,7928.91,Savings
111,921,77,6424.16,Checking
112,464,51,11223.49,Savings
113,912,76,3838.5,Savings
114,379,62,2305.35,Savings
115,1026,85,2736.87,Checking
116,364,37,5008.92,Current
117,72,6,1733.65,Savings
118,638,71,3031.86,Current
119,1194,26,2984.17,Checking
120,337,8,41845.91,Checking
121,195,73,312.12,Current
122,1012,91,4177.94,Savings
123,653,4,28082.08,Checking
124,7,21,5647.89,Savings
125,905,31,10621.24,Savings
126,979,21,5524.89,Current
127,566,25,2565.37,Checking
128,616,15,531.27,Current
129,573,35,6140.42,Checking
130,599,49,2302.12,Current
131,770,43,2245.89,Checking
132,745,41,3035.73,Checking
133,242,37,28625.54,Checking
134,1104,57,55383.15,Savings
135,766,42,6213.01,Savings
136,384,47,3141.41,Current
137,391,92,1540.66,Current
138,896,61,7988.3,Checking
139,688,14,29735.56,Checking
140,1150,68,3904.37,Savings
141,47,53,463.22,Savings
142,619,84,9771.67,Savings
143,464,34,13394.41,Current
144,123,76,1023.87,Savings
145,134,97,5965.08,Current
146,841,24,7851.18,Savings
147,849,20,4647.51,Savings
148,607,69,2267.48,Checking
149,23,30,13809.75,Current
150,566,88,3340.29,Savings
151,766,7,1132.3,Checking
152,965,36,644.01,Current
153,235,38,17642.09,Current
154,996,80,9263.68,Savings
155,1083,52,5459.8,Current
156,1188,15,3219.3,Checking
157,826,46,2945.97,Checking
158,216,23,1705.23,Current
159,50,12,3247.81,Checking
160,657,93,600.11,Current
161,935,44,2394.98,Checking
162,1114,15,3663.8,Current
163,311,93,9201.05,Current
164,557,49,4804.3,Current
165,972,21,11071.35,Checking
166,257,15,19270.45,Current
167,533,14,14405.47,Current
168,52,42,8004.05,Savings
169,1195,80,5059.67,Savings
170,1091,15,1875.08,Current
171,300,63,10479.09,Savings
172,672,68,26821.0,Current
173,778,27,7039.55,Savings
174,832,87,34011.44,Checking
175,232,93,1087.48,Checking
176,975,53,1576.61,Current
177,1092,52,11759.24,Current
178,28,63,6512.53,Checking
179,1075,73,18601.09,Checking
180,591,53,4923.24,Savings
181,785,57,2099.0,Current
182,620,52,4038.38,Checking
183,586,43,1079.78,Checking
184,1002,7,1617.44,Current
185,184,42,13222.0,Savings
186,1047,4,11967.87,Savings
187,129,69,7188.21,Savings
188,291,5,894.37,Savings
189,501,75,3493.96,Checking
190,186,92,1468.79,Current
191,479,80,16215.56,Current
192,492,41,2789.09,Checking
193,513,94,1688.25,Checking
194,1091,4,5151.22,Checking
195,467,2,2636.05,Current
196,285,67,22047.12,Current
197,601,21,2397.98,Current
198,1124,70,1233.94,Savings
199,189,43,580.73,Checking
200,989,82,4848.41,Checking
201,890,69,2850.54,Checking
202,388,9,1197.86,Current
203,241,84,16422.7,Checking
204,417,28,9744.31,Checking
205,176,26,4860.88,Savings
206,387,82,19565.43,Current
207,853,83,9698.53,Checking
208,663,3,2195.88,Current
209,452,73,1768.65,Current
210,277,100,11329.61,Current
211,1195,95,7432.07,Savings
212,213,49,5925.03,Current
213,41,17,2144.57,Current
214,1146,63,9183.29,Current
215,294,55,2348.88,Checking
216,600,23,4515.21,Savings
217,541,34,21250.53,Checking
218,451,69,2582.1,Savings
219,1085,15,1037.12,Savings
220,1171,47,1745.24,Current
221,790,3,13514.14,Current
222,334,83,6450.57,Checking
223,891,28,4395.41,Savings
224,1166,3,3005.2,Current
225,44,4,8123.8,Current
226,144,88,2138.99,Current
227,333,31,6787.64,Current
228,998,45,2406.52,Checking
229,55,59,2037.61,Checking
230,870,45,2643.09,Current
231,797,75,3435.05,Current
232,325,37,4761.72,Current
233,80,65,6327.43,Current
234,1055,9,125.06,Current
235,985,17,2229.52,Savings
236,1136,65,3379.97,Savings
237,558,3,22522.17,Savings
238,865,26,1697.97,Savings
239,717,53,5883.99,Current
240,472,31,22297.36,Savings
241,74,26,1345.1,Savings
242,589,23,7414.32,Checking
243,564,30,2241.55,Savings
244,467,10,3018.63,Savings
245,599,72,2239.67,Current
246,992,89,2405.07,Savings
247,737,64,76046.89,Savings
248,994,22,11633.56,Current
249,248,15,15046.96,Savings
250,1144,56,8177.87,Current
251,67,74,1003.19,Savings
252,573,20,7421.61,Checking
253,703,47,14619.66,Checking
254,470,87,2129.82,Savings
255,493,53,13128.23,Checking
256,663,53,10112.52,Current
257,286,1,31864.04,Savings
258,312,2,3292.53,Current
259,309,58,1668.34,Checking
260,775,19,3482.71,Current
261,1121,62,21010.22,Checking
262,965,78,803.35,Checking
263,1137,72,631.95,Checking
264,456,12,5467.56,Current
265,132,26,3211.85,Checking
266,930,27,5038.79,Savings
267,965,29,12868.08,Checking
268,929,15,2877.35,Savings
269,121,46,768.31,Savings
270,634,1,38625.76,Savings
271,897,60,1844.5,Savings
272,772,92,1733.95,Current
273,1063,57,15076.81,Savings
274,566,3,3403.99,Checking
275,512,18,4692.89,Savings
276,1185,52,8102.95,Checking
277,289,60,14776.25,Current
278,200,34,3582.2,Savings
279,528,96,22860.03,Checking
280,917,93,590.75,Current
281,1111,89,10689.11,Current
282,1106,60,2159.57,Checking
283,1086,26,19721.5,Savings
284,799,72,5763.14,Current
285,1066,19,2551.12,Checking
286,12,22,9701.49,Savings
287,833,93,12214.53,Current
288,841,33,9500.38,Checking
289,643,38,1785.58,Current
290,1139,35,3081.51,Current
291,106,67,4979.68,Checking
292,691,83,4797.9,Current
293,528,10,10582.31,Checking
294,846,91,666.67,Savings
295,893,15,6985.0,Checking
296,387,11,3741.39,Savings
297,481,90,2161.79,Current
298,408,24,2379.64,Checking
299,898,77,4034.57,Checking
300,711,96,136.47,Checking
301,639,4,2479.73,Checking
302,1045,13,2082.61,Savings
303,815,73,8518.34,Savings
304,918,57,2234.26,Current
305,203,98,4032.25,Current
306,417,37,23376.11,Current
307,416,48,13514.85,Current
308,85,71,12325.98,Checking
309,167,1,3033.04,Savings
310,384,60,8606.09,Savings
311,468,12,3957.21,Savings
312,1096,21,4109.68,Savings
313,810,11,7531.72,Current
314,997,44,2752.32,Checking
315,473,58,22252.2,Savings
316,993,44,4260.16,Checking
317,275,78,9279.41,Checking
318,1044,98,21435.28,Checking
319,490,34,14028.51,Checking
320,326,25,1222.04,Savings
321,529,4,7801.64,Savings
322,892,64,11706.65,Savings
323,89,90,12198.35,Current
324,486,16,1642.37,Savings
325,708,10,2591.93,Current
326,350,66,13517.65,Current
327,1108,35,2334.22,Current
328,387,83,3705.22,Savings
329,87,6,24174.87,Savings
330,307,19,4766.63,Savings
331,1178,59,2417.33,Current
332,440,53,2078.86,Current
333,740,8,6973.78,Checking
334,264,78,1318.23,Current
335,977,10,3904.39,Current
336,735,67,6977.34,Savings
337,421,38,18330.89,Checking
338,493,29,9747.26,Checking
339,633,15,2448.25,Checking
340,993,87,16246.17,Savings
341,411,23,3705.89,Checking
342,173,82,1453.15,Checking
343,4,46,4209.72,Savings
344,854,83,21064.88,Checking
345,986,28,5898.38,Current
346,1134,26,5063.0,Current
347,1061,10,25704.08,Current
348,583,47,1194.92,Current
349,1055,4,1382.42,Current
350,381,55,993.61,Current
351,1035,66,7257.87,Current
352,344,67,5905.78,Current
353,166,7,23386.86,Current
354,700,55,6378.37,Savings
355,342,80,3337.7,Savings
356,1043,31,5008.98,Current
357,980,74,5624.57,Savings
358,945,19,939.58,Savings
359,545,28,75171.3,Current
360,1034,81,8409.05,Current
361,192,28,6168.44,Savings
362,320,19,9249.8,Current
363,580,87,10163.97,Current
364,475,20,4344.39,Current
365,637,13,2659.66,Current
366,427,77,9105.59,Savings
367,1083,43,7353.3,Checking
368,97,11,2224.53,Savings
369,496,48,20665.66,Checking
370,661,15,6704.57,Checking
371,9,17,10373.53,Checking
372,457,54,20112.85,Savings
373,273,50,5110.65,Savings
374,940,28,6864.68,Savings
375,1032,83,11239.85,Savings
376,208,4,2421.96,Savings
377,1147,22,5277.7,Checking
378,1057,86,5668.85,Savings
379,204,39,1922.03,Checking
380,518,34,50758.28,Savings
381,517,97,1224.02,Savings
382,443,44,1365.25,Current
383,689,42,18609.36,Checking
384,850,40,10203.23,Savings
385,833,97,1792.25,Savings
386,339,12,9177.24,Savings
387,1160,2,21699.48,Current
388,387,28,4850.95,Checking
389,1049,74,67239.5,Savings
390,506,86,891.7,Savings
391,680,81,10006.77,Savings
392,690,90,16054.13,Current
393,885,67,12192.02,Savings
394,1119,71,4075.86,Checking
395,623,72,3739.67,Checking
396,1170,84,7795.78,Checking
397,893,76,11304.4,Checking
398,953,99,9133.16,Savings
399,784,81,14146.9,Current
400,495,92,1805.01,Current
401,1062,10,3981.53,Current
402,747,86,1953.11,Savings
403,437,57,3398.47,Current
404,345,97,13799.86,Checking
405,1184,86,5570.15,Savings
406,550,37,67782.03,Current
407,820,77,6066.88,Checking
408,541,91,5307.55,Checking
409,144,64,5560.13,Savings
410,588,79,2642.25,Savings
411,657,86,4719.02,Current
412,345,94,15444.08,Current
413,696,40,5603.6,Current
414,268,98,2261.39,Savings
415,169,60,1982.49,Current
416,33,98,3187.5,Current
417,377,48,5383.3,Checking
418,393,99,16494.46,Checking
419,489,19,1308.59,Checking
420,722,72,3631.38,Current
421,946,33,5776.21,Savings
422,1053,44,799.1,Checking
423,39,92,2172.42,Savings
424,1197,37,2533.37,Current
425,1041,89,2255.72,Current
426,1080,36,6057.68,Checking
427,226,81,4258.34,Savings
428,67,88,2869.54,Checking
429,835,21,7670.64,Current
430,1047,2,28008.63,Savings
431,999,31,25756.69,Checking
432,237,97,731.01,Current
433,957,30,8904.08,Checking
434,919,76,4184.61,Savings
435,1162,44,5839.2,Savings
436,473,12,3357.36,Savings
437,553,51,5623.91,Savings
438,695,49,5817.35,Savings
439,317,24,2802.43,Checking
440,598,24,2040.25,Checking
441,768,60,3192.3,Checking
442,886,11,6319.86,Checking
443,561,13,9101.45,Current
444,258,91,11737.48,Current
445,745,72,3050.32,Checking
446,757,74,6641.13,Current
447,123,72,13091.2,Current
448,342,64,16039.15,Savings
449,1195,20,4714.32,Checking
450,1083,72,4008.86,Current
451,260,73,6053.05,Current
452,95,71,1583.65,Checking
453,1149,78,4119.9,Savings
454,41,28,10527.85,Checking
455,254,2,9500.89,Savings
456,7,43,3815.88,Current
457,728,8,6216.18,Savings
458,69,13,2191.94,Savings
459,1105,85,10103.99,Checking
460,542,92,4625.65,Current
461,89,35,3794.25,Checking
462,213,23,3482.37,Checking
463,834,46,4695.22,Current
464,266,15,3194.91,Checking
465,912,2,9656.01,Checking
466,293,61,3367.45,Savings
467,333,76,24591.53,Checking
468,1101,64,21642.27,Current
469,1005,52,2050.11,Checking
470,47,36,5360.96,Savings
471,622,67,2608.52,Checking
472,427,69,3606.69,Checking
473,210,67,37035.07,Checking
474,888,47,3676.15,Savings
475,154,83,7168.27,Current
476,415,2,8591.38,Current
477,1181,44,1838.24,Savings
478,1101,64,2126.21,Savings
479,769,81,1496.93,Checking
480,983,78,2061.57,Current
481,1155,28,289.21,Savings
482,579,91,8619.44,Current
483,740,54,39002.73,Checking
484,163,74,5796.53,Savings
485,1039,67,1213.09,Current
486,195,36,2629.15,Current
487,542,63,3159.97,Checking
488,359,25,1807.33,Savings
489,850,86,11817.96,Current
490,427,48,11242.46,Checking
491,497,39,1574.58,Current
492,828,47,10324.49,Checking
493,486,94,23017.4,Current
494,330,21,33515.1,Current
495,889,30,87763.87,Checking
496,991,92,2028.8,Savings
497,1171,31,84239.03,Checking
498,259,26,3508.65,Savings
499,292,22,2764.81,Current
500,143,21,6934.51,Current
501,747,1,2793.73,Checking
502,627,37,7452.0,Checking
503,90,77,1335.57,Savings
504,720,85,3938.05,Savings
505,1188,46,18083.87,Savings
506,481,9,4722.68,Checking
507,84,17,5760.55,Current
508,1101,47,8042.15,Checking
509,673,85,16120.63,Current
510,517,95,955.25,Checking
511,485,59,8970.68,Checking
512,782,54,3824.01,Savings
513,104,86,5906.63,Current
514,339,12,14431.14,Checking
515,687,64,1514.75,Checking
516,900,6,1816.29,Current
517,607,53,721.81,Checking
518,223,16,2887.18,Current
519,1033,90,18913.39,Savings
520,1077,5,4432.0,Savings
521,1101,73,1309.06,Current
522,503,46,3076.4,Savings
523,822,14,1129.28,Current
524,624,44,1622.96,Checking
525,165,63,7376.19,Checking
526,1051,94,1545.84,Current
527,1094,52,15211.81,Checking
528,1148,26,4656.75,Savings
529,19,53,5446.82,Checking
530,1046,29,3785.07,Checking
531,989,19,10829.63,Current
532,450,47,10941.88,Savings
533,552,8,6990.08,Checking
534,1072,23,8795.38,Checking
535,695,35,4044.46,Current
536,587,95,8598.96,Current
537,721,53,3566.41,Savings
538,50,99,5011.17,Checking
539,107,96,3799.21,Current
540,1080,58,3165.21,Current
541,776,5,2510.11,Current
542,1110,16,7981.51,Savings
543,1161,17,18542.1,Current
544,898,32,16127.73,Savings
545,336,96,1423.15,Savings
546,607,52,18149.46,Checking
547,838,20,3637.44,Checking
548,602,66,9117.27,Savings
549,403,84,2020.25,Checking
550,540,82,5762.77,Checking
551,1096,1,6842.55,Current
552,24,58,1132.96,Checking
553,624,93,9186.22,Savings
554,1080,93,19208.88,Checking
555,986,83,4198.76,Current
556,223,44,19484.24,Savings
557,179,6,4136.06,Checking
558,800,50,11693.38,Savings
559,434,72,543.82,Checking
560,793,88,56160.61,Current
561,884,20,22306.9,Checking
562,492,14,3761.48,Savings
563,921,5,695.83,Savings
564,810,41,6668.98,Savings
565,961,40,1180.0,Checking
566,420,34,7801.31,Checking
567,649,80,7545.89,Checking
568,1188,45,1950.4,Current
569,476,71,15339.1,Current
570,170,80,11189.91,Current
571,174,71,13266.75,Savings
572,470,27,5044.49,Savings
573,345,78,1213.99,Savings
574,445,78,13293.97,Savings
575,1042,44,3815.48,Savings
576,1094,33,1245.65,Checking
577,628,33,19326.5,Savings
578,592,44,40806.67,Checking
579,527,20,4797.95,Current
580,456,36,43317.6,Current
581,811,7,5478.07,Current
582,188,32,3417.75,Current
583,1021,67,2661.74,Current
584,711,39,25700.75,Savings
585,529,93,2291.7,Savings
586,434,24,10430.22,Savings
587,288,86,2858.43,Current
588,499,70,3155.45,Current
589,303,88,14008.83,Checking
590,87,87,3419.18,Savings
591,830,54,3335.57,Current
592,438,38,15521.76,Current
593,541,74,24700.79,Current
594,1046,80,9526.98,Checking
595,833,75,2597.81,Current
596,797,32,3000.65,Checking
597,560,45,5415.98,Checking
598,762,61,6892.05,Savings
599,467,70,1861.85,Current
600,1125,88,10303.42,Checking
601,675,97,5446.38,Current
602,685,53,899.18,Savings
603,1165,51,1974.89,Savings
604,138,76,3020.16,Checking
605,578,56,4648.67,Savings
606,710,27,33072.98,Savings
607,228,38,6344.63,Savings
608,281,62,2156.89,Current
609,684,18,6234.32,Current
610,828,64,3516.09,Checking
611,431,77,6918.48,Checking
612,1064,30,8935.26,Savings
613,302,49,16754.53,Savings
614,1110,41,4880.03,Checking
615,533,13,25749.07,Savings
616,769,34,12397.08,Checking
617,444,100,2464.52,Current
618,1057,94,45572.0,Savings
619,260,25,6933.97,Savings
620,739,66,2169.1,Savings
621,796,100,26110.85,Current
622,70,18,39933.5,Current
623,983,5,4837.57,Savings
624,481,19,3021.6,Checking
625,1168,42,4208.32,Current
626,24,18,10218.19,Savings
627,965,32,17944.7,Savings
628,746,21,8845.64,Current
629,845,10,5535.38,Checking
630,1199,37,22363.94,Savings
631,325,49,3656.85,Checking
632,798,86,14018.21,Checking
633,18,13,3748.57,Current
634,44,55,7694.15,Savings
635,155,17,4463.24,Savings
636,867,9,4728.39,Checking
637,922,88,3428.26,Current
638,743,44,19188.13,Current
639,225,78,2402.5,Current
640,217,46,2385.02,Checking
641,31,8,41697.1,Checking
642,1083,37,13293.64,Savings
643,898,19,460.39,Current
644,935,63,2841.07,Checking
645,445,92,816.64,Current
646,1131,46,1932.37,Checking
647,1119,94,216.74,Savings
648,530,71,4359.9,Current
649,738,26,1595.99,Checking
650,874,46,5308.68,Current
651,566,46,984.44,Checking
652,76,75,5432.23,Checking
653,547,14,3301.98,Checking
654,267,85,22452.25,Current
655,317,63,20507.58,Checking
656,1145,72,10965.82,Savings
657,25,3,3606.81,Current
658,160,28,36409.08,Savings
659,596,29,1058.02,Savings
660,1138,87,1228.6,Current
661,900,18,4598.15,Checking
662,502,35,47630.63,Savings
663,1190,77,4084.09,Current
664,1013,76,4162.82,Checking
665,703,47,1182.38,Current
666,1199,5,12876.03,Current
667,1,75,12969.68,Current
668,741,59,11006.8,Checking
669,1110,75,2665.04,Savings
670,320,59,2466.33,Savings
671,382,47,1372.06,Current
672,898,95,5437.45,Current
673,717,95,1697.29,Checking
674,307,13,1540.37,Current
675,1168,78,3273.13,Current
676,391,89,3065.72,Current
677,1193,33,2919.64,Savings
678,990,97,7971.58,Current
679,298,62,5411.28,Savings
680,233,79,3748.22,Checking
681,271,16,6004.15,Checking
682,1084,44,1855.05,Savings
683,677,58,5555.1,Savings
684,706,6,5812.67,Savings
685,234,89,1112.26,Savings
686,845,15,13533.01,Current
687,491,4,2070.94,Savings
688,503,56,5472.57,Savings
689,890,64,16020.19,Savings
690,592,68,12617.88,Current
691,746,94,5174.65,Current
692,428,34,3479.68,Current
693,697,91,12896.42,Checking
694,646,95,9817.17,Current
695,732,56,2694.12,Savings
696,800,32,2258.15,Current
697,364,9,629.44,Current
698,202,63,5832.64,Savings
699,882,72,4603.15,Current
700,146,78,15574.41,Checking
701,836,33,7159.88,Current
702,639,87,18985.34,Checking
703,135,21,2489.48,Checking
704,626,55,15604.95,Checking
705,64,76,2946.22,Savings
706,491,57,10881.17,Current
707,41,2,1162.62,Checking
708,1027,13,6325.4,Checking
709,913,4,687.12,Current
710,975,84,3827.84,Savings
711,1134,50,7766.28,Savings
712,368,48,2969.73,Checking
713,918,78,1748.92,Savings
714,1028,30,11652.92,Current
715,244,29,4508.55,Savings
716,902,8,3064.45,Current
717,166,12,5213.93,Checking
718,1050,41,69833.03,Current
719,1041,26,15846.37,Checking
720,728,50,15990.77,Current
721,1116,2,7729.04,Current
722,483,55,5905.73,Savings
723,543,56,455.37,Current
724,931,14,2535.67,Checking
725,400,6,3092.14,Current
726,619,95,766.86,Checking
727,1170,81,1571.49,Checking
728,879,89,689.77,Current
729,101,61,4812.01,Savings
730,880,96,11338.5,Current
731,830,12,15122.93,Current
732,759,13,7570.22,Savings
733,163,19,1907.97,Checking
734,1197,44,724.24,Current
735,502,89,862.92,Savings
736,547,95,1405.59,Savings
737,381,59,2055.62,Checking
738,870,37,4261.79,Savings
739,905,25,1813.53,Checking
740,1187,16,7017.55,Current
741,1002,38,3963.65,Savings
742,609,43,5053.01,Current
743,307,87,15637.76,Savings
744,55,14,1536.04,Savings
745,983,6,7599.96,Current
746,333,89,4930.62,Savings
747,127,23,3582.11,Current
748,705,60,12118.03,Current
749,243,12,12042.62,Checking
750,600,13,1940.5,Current
751,503,100,4167.34,Checking
752,604,98,6623.67,Current
753,303,6,3805.44,Savings
754,235,63,8975.15,Current
755,1062,38,6623.54,Savings
756,139,50,31249.37,Checking
757,195,52,1082.38,Savings
758,647,40,4423.81,Current
759,1,8,2015.64,Savings
760,561,61,9148.09,Checking
761,1120,8,992.3,Savings
762,713,97,7069.22,Savings
763,413,34,2662.83,Current
764,538,79,2399.54,Current
765,429,100,1176.97,Savings
766,235,60,3140.44,Checking
767,349,57,14789.81,Savings
768,396,99,4875.63,Checking
769,416,46,9366.3,Checking
770,916,22,26418.9,Checking
771,1075,87,6509.05,Savings
772,81,40,2859.48,Checking
773,36,45,7978.02,Savings
774,1091,55,2901.25,Checking
775,641,51,3019.27,Checking
776,882,86,1093.68,Savings
777,757,5,12625.21,Current
778,623,95,3398.84,Current
779,468,13,5998.66,Savings
780,1166,28,1774.42,Savings
781,356,84,7732.14,Current
782,709,97,2333.8,Current
783,1020,80,4339.37,Current
784,902,62,12028.32,Savings
785,673,93,11025.35,Checking
786,439,87,4891.05,Savings
787,531,24,853.26,Current
788,127,98,99708.26,Checking
789,205,7,28654.11,Savings
790,29,38,10299.68,Current
791,445,37,2354.28,Savings
792,966,68,4463.11,Checking
793,464,98,2903.79,Current
794,151,42,17695.21,Savings
795,240,86,6500.9,Checking
796,266,5,2282.51,Checking
797,1129,64,3122.65,Savings
798,913,50,15342.49,Checking
799,497,87,24767.59,Current
800,685,15,23052.39,Checking
801,158,95,10659.7,Savings
802,172,73,3883.8,Current
803,494,53,195.52,Checking
804,970,25,6730.15,Checking
805,676,89,4990.86,Current
806,659,85,5751.27,Current
807,903,9,5276.88,Checking
808,666,38,1327.34,Current
809,367,22,8730.71,Savings
810,550,87,9408.88,Checking
811,643,49,9892.5,Savings
812,255,68,12884.37,Checking
813,208,93,9147.58,Savings
814,450,15,3318.15,Savings
815,95,65,4658.07,Current
816,839,54,5477.03,Checking
817,478,30,5568.56,Current
818,683,93,13567.21,Current
819,762,20,9517.26,Checking
820,190,33,39916.16,Savings
821,711,100,45417.93,Checking
822,756,86,5414.54,Checking
823,836,77,107.83,Checking
824,133,7,17223.43,Current
825,55,8,2912.64,Checking
826,510,28,2243.31,Checking
827,670,45,3356.82,Checking
828,410,73,3198.86,Savings
829,987,89,9223.07,Savings
830,734,80,1051.27,Savings
831,1139,74,1701.85,Savings
832,259,11,7046.96,Current
833,1146,31,9322.04,Current
834,299,12,9497.03,Checking
835,561,95,2275.96,Current
836,297,78,1879.81,Savings
837,362,51,3012.6,Checking
838,589,44,6355.44,Checking
839,127,96,22085.37,Savings
840,197,50,645.33,Savings
841,221,17,4009.67,Savings
842,995,35,1318.85,Current
843,91,1,958.1,Checking
844,411,29,13149.64,Savings
845,8,51,8619.81,Checking
846,544,64,7837.12,Checking
847,468,4,12559.33,Current
848,320,87,3094.79,Checking
849,269,28,3243.98,Savings
850,1119,16,44485.73,Savings
851,61,63,3907.38,Checking
852,797,76,10428.79,Checking
853,1119,53,5032.01,Current
854,553,85,787.56,Savings
855,926,17,647.14,Savings
856,661,40,2802.34,Checking
857,716,13,14375.7,Checking
858,779,52,10998.18,Checking
859,194,58,12472.36,Savings
860,482,96,1863.38,Checking
861,855,37,25161.38,Current
862,498,79,1905.12,Current
863,212,76,6185.84,Checking
864,665,61,4948.51,Current
865,670,79,4202.01,Current
866,221,34,19068.35,Current
867,273,70,2470.27,Current
868,1178,17,1296.71,Current
869,279,20,5100.98,Savings
870,816,73,3352.18,Checking
871,276,59,146470.03,Current
872,1005,69,9834.98,Checking
873,514,87,3320.44,Current
874,1112,33,1739.03,Savings
875,923,78,762.73,Savings
876,642,17,1793.59,Current
877,505,57,5609.04,Current
878,590,83,20837.76,Current
879,772,97,15350.18,Savings
880,740,1,6287.31,Savings
881,675,13,3619.26,Checking
882,1014,27,6542.05,Savings
883,128,70,2976.65,Current
884,503,59,27877.0,Checking
885,902,6,4138.15,Savings
886,543,97,4586.42,Savings
887,492,94,545.32,Current
888,1045,99,4112.38,Checking
889,714,23,11541.19,Savings
890,791,10,1718.95,Savings
891,416,51,2360.13,Current
892,148,19,11046.89,Checking
893,970,51,1142.0,Checking
894,29,92,14400.15,Checking
895,308,87,2936.72,Checking
896,162,68,3390.13,Current
897,869,84,1625.08,Savings
898,852,83,7297.15,Savings
899,61,42,58516.57,Checking
900,125,91,10923.7,Checking
901,1095,57,2106.76,Checking
902,838,98,15565.52,Savings
903,466,68,3642.82,Savings
904,243,38,19765.2,Checking
905,473,62,11202.25,Current
906,959,7,263.5,Savings
907,533,71,1831.91,Savings
908,494,50,12856.16,Checking
909,899,52,5818.81,Current
910,82,26,1796.22,Checking
911,856,26,2653.42,Checking
912,879,19,743.19,Current
913,923,9,4577.1,Current
914,12,61,45610.03,Current
915,449,20,11182.74,Savings
916,87,50,44694.7,Checking
917,762,80,12083.43,Savings
918,1138,81,13970.07,Current
919,26,22,35999.92,Savings
920,508,13,7291.44,Current
921,62,12,4146.28,Current
922,229,10,14042.6,Checking
923,607,65,21397.59,Checking
924,1059,96,3094.03,Checking
925,891,30,2429.95,Savings
926,761,8,5744.79,Checking
927,595,21,11483.79,Current
928,1049,22,11106.48,Checking
929,1056,18,1203.54,Savings
930,1036,66,33819.72,Checking
931,1,48,2633.39,Checking
932,1160,44,3835.78,Checking
933,133,9,2027.46,Savings
934,86,67,74274.43,Current
935,1084,54,6369.42,Current
936,516,26,2134.99,Current
937,175,85,11862.25,Checking
938,763,94,10789.5,Checking
939,1045,92,4144.2,Savings
940,997,100,11588.86,Current
941,1129,26,2190.54,Checking
942,578,34,3054.21,Checking
943,49,8,669.8,Checking
944,528,10,1330.41,Savings
945,145,48,30479.94,Current
946,762,55,25812.7,Savings
947,1099,54,5340.0,Current
948,929,78,26373.75,Current
949,794,40,4260.4,Checking
950,319,15,3919.75,Checking
951,1111,81,5290.69,Checking
952,698,18,4412.83,Checking
953,847,96,4031.92,Checking
954,783,23,15687.06,Current
955,42,62,5809.96,Checking
956,1117,46,10195.23,Checking
957,529,87,14024.68,Savings
958,292,99,7371.52,Savings
959,969,39,1894.9,Current
960,97,15,1292.49,Current
961,1119,53,5802.09,Savings
962,74,88,4213.03,Savings
963,1092,64,5456.62,Checking
964,758,63,4920.37,Checking
965,1101,92,66221.92,Current
966,208,80,1322.09,Savings
967,410,16,683.51,Current
968,331,70,6971.39,Checking
969,344,66,3431.56,Current
970,989,13,6858.62,Current
971,771,47,8964.94,Current
972,74,9,18057.17,Checking
973,254,63,1107.62,Current
974,959,34,2865.43,Checking
975,820,81,7676.77,Savings
976,986,91,10803.84,Current
977,332,29,44830.44,Current
978,747,37,13002.5,Checking
979,836,43,4723.97,Current
980,455,86,2052.38,Checking
981,1139,64,2843.82,Current
982,313,24,2764.16,Savings
983,1018,71,9627.96,Savings
984,228,34,6465.21,Savings
985,834,48,1330.81,Current
986,858,12,3233.41,Current
987,818,23,12024.97,Savings
988,1018,79,7107.14,Savings
989,528,97,8829.36,Checking
990,950,13,7332.82,Checking
991,427,87,25428.45,Savings
992,42,96,6331.14,Savings
993,465,45,3398.78,Current
994,278,99,2001.07,Savings
995,836,65,6417.62,Checking
996,19,47,435.5,Checking
997,66,58,4158.48,Checking
998,167,5,4069.82,Checking
999,1020,77,1277.58,Checking
1000,403,5,1976.19,Checking
1001,409,60,11235.69,Savings
1002,112,96,6297.48,Checking
1003,597,21,5535.75,Checking
1004,651,24,6792.27,Checking
1005,1063,18,5485.27,Checking
1006,105,21,17327.6,Savings
1007,324,54,5656.85,Current
1008,992,10,1163.26,Current
1009,429,24,25522.69,Current
1010,635,85,7241.14,Current
1011,730,89,2773.71,Checking
1012,889,60,1427.66,Current
1013,1085,57,7428.71,Current
1014,393,23,4447.16,Savings
1015,204,22,24133.11,Savings
1016,258,68,3537.89,Savings
1017,486,34,2164.21,Checking
1018,446,70,12246.43,Checking
1019,1084,28,12612.9,Checking
1020,1024,95,5918.54,Savings
1021,342,99,9833.5,Current
1022,133,39,4815.07,Savings
1023,443,42,6317.37,Checking
1024,253,23,16029.47,Savings
1025,265,70,9344.2,Current
1026,93,80,4221.39,Checking
1027,138,2,19332.75,Current
1028,1002,24,469.81,Current
1029,307,17,38920.12,Checking
1030,266,65,907.99,Current
1031,646,70,2670.71,Savings
1032,318,69,4799.54,Current
1033,1137,60,4318.71,Current
1034,901,50,13678.82,Current
1035,454,93,1736.03,Savings
1036,191,12,6489.62,Current
1037,355,47,2804.5,Current
1038,831,67,6716.58,Savings
1039,1113,65,4686.4,Checking
1040,187,27,5486.96,Checking
1041,819,48,2884.97,Checking
1042,1021,88,3002.29,Current
1043,132,62,6663.94,Checking
1044,872,44,12847.55,Savings
1045,635,19,2748.78,Current
1046,691,59,2097.34,Current
1047,692,8,9234.05,Current
1048,1123,55,4840.09,Checking
1049,1058,47,11472.31,Checking
1050,582,2,2021.1,Checking
1051,171,94,843.66,Current
1052,784,94,2934.2,Savings
1053,1083,39,2323.52,Current
1054,181,45,4621.18,Savings
1055,19,32,2644.79,Current
1056,1119,65,10490.34,Savings
1057,881,38,3748.24,Current
1058,175,77,5811.93,Current
1059,54,11,5853.69,Savings
1060,695,10,6076.28,Savings
1061,863,59,4880.8,Savings
1062,349,90,8331.46,Savings
1063,443,55,2256.43,Savings
1064,833,20,20264.2,Savings
1065,580,81,3946.78,Savings
1066,282,17,1347.01,Savings
1067,360,68,6034.61,Current
1068,915,5,2134.55,Savings
1069,823,60,9725.71,Savings
1070,892,23,45560.61,Current
1071,953,46,2277.02,Current
1072,641,52,6971.36,Checking
1073,1032,10,864.1,Checking
1074,563,46,7872.24,Savings
1075,491,28,2062.1,Savings
1076,341,97,2676.75,Checking
1077,472,43,1662.22,Checking
1078,249,26,10397.75,Savings
1079,235,55,13691.05,Checking
1080,1107,48,5118.3,Savings
1081,1117,29,2106.47,Current
1082,824,27,24507.05,Current
1083,632,18,2360.86,Checking
1084,529,60,575.45,Current
1085,122,74,7907.62,Current
1086,892,69,1656.43,Current
1087,10,74,13437.47,Current
1088,838,21,3415.42,Savings
1089,753,24,9144.49,Savings
1090,886,3,20306.44,Checking
1091,464,95,1492.69,Current
1092,712,62,2839.14,Current
1093,728,2,4635.61,Current
1094,717,66,23265.91,Checking
1095,80,42,2588.44,Savings
1096,480,34,2759.18,Current
1097,902,42,8065.36,Savings
1098,891,20,2807.26,Checking
1099,18,97,5823.86,Savings
1100,1189,68,1059.61,Current
1101,202,45,45776.36,Savings
1102,741,75,1299.17,Savings
1103,319,42,3624.39,Checking
1104,217,47,4840.2,Checking
1105,1058,5,33856.33,Checking
1106,266,89,1329.22,Checking
1107,724,49,36348.1,Savings
1108,775,37,10661.24,Savings
1109,1104,34,7587.74,Checking
1110,413,73,1867.88,Checking
1111,1036,70,8851.43,Current
1112,401,18,2425.29,Current
1113,724,78,17744.92,Checking
1114,282,19,1893.4,Savings
1115,1136,78,4465.05,Checking
1116,723,40,2869.58,Savings
1117,751,17,1862.49,Savings
1118,268,60,10493.52,Current
1119,298,99,8541.16,Checking
1120,570,93,16750.84,Checking
1121,509,42,843.3,Savings
1122,546,81,14492.17,Checking
1123,775,72,61245.28,Current
1124,365,65,3182.91,Current
1125,547,53,33267.69,Checking
1126,271,100,3843.09,Checking
1127,739,7,1267.48,Current
1128,537,5,3683.29,Checking
1129,59,24,14262.62,Savings
1130,86,28,2162.49,Checking
1131,763,62,2743.13,Savings
1132,390,17,9051.92,Checking
1133,1084,20,5015.32,Checking
1134,719,3,8971.57,Current
1135,856,37,6342.46,Savings
1136,149,90,8077.35,Current
1137,583,15,3245.07,Checking
1138,121,51,6303.9,Current
1139,765,48,1977.96,Checking
1140,605,8,18135.5,Checking
1141,256,13,2651.6,Checking
1142,766,48,15460.45,Savings
1143,864,3,3958.36,Savings
1144,800,65,6119.23,Savings
1145,59,73,3047.96,Current
1146,1022,31,1810.21,Checking
1147,1093,26,873.43,Current
1148,388,81,1740.4,Current
1149,1110,56,3616.58,Checking
1150,786,34,6179.99,Current
1151,593,9,13733.21,Checking
1152,945,62,3201.7,Checking
1153,909,13,2069.85,Checking
1154,566,69,1181.43,Checking
1155,399,41,8080.89,Current
1156,899,77,19938.1,Current
1157,293,1,17739.05,Current
1158,485,89,10169.27,Savings
1159,803,47,9468.6,Current
1160,890,4,27304.78,Current
1161,244,100,6969.33,Savings
1162,960,63,9540.71,Checking
1163,1178,52,3627.9,Checking
1164,816,10,1280.68,Checking
1165,273,28,2523.35,Savings
1166,520,6,4954.41,Current
1167,1152,27,5313.35,Current
1168,568,12,34319.85,Current
1169,638,62,5423.36,Current
1170,159,52,16253.06,Savings
1171,652,48,3236.07,Current
1172,176,67,3661.09,Checking
1173,620,46,1323.7,Savings
1174,211,97,2380.02,Savings
1175,447,74,8469.06,Checking
1176,586,95,5037.94,Checking
1177,167,15,12837.58,Current
1178,460,71,5993.6,Checking
1179,916,36,3514.81,Savings
1180,129,14,42851.25,Savings
1181,1053,78,4551.85,Savings
1182,714,3,15997.6,Current
1183,1117,67,3347.55,Current
1184,841,86,10165.88,Checking
1185,868,19,12647.42,Current
1186,688,99,6159.1,Current
1187,330,76,474.71,Savings
1188,945,54,5092.1,Savings
1189,95,69,17114.02,Checking
1190,785,10,8473.29,Savings
1191,649,33,7809.0,Current
1192,353,13,893.31,Checking
1193,930,99,2432.65,Checking
1194,941,51,7544.32,Savings
1195,984,32,7536.98,Savings
1196,1043,75,16845.86,Savings
1197,646,24,4325.69,Checking
1198,626,35,7502.69,Savings
1199,139,83,5082.55,Current
1200,716,70,1863.57,Checking
1201,762,40,523.95,Savings
1202,255,54,7694.05,Current
1203,1109,44,5949.96,Current
1204,676,62,2694.64,Savings
1205,92,99,990.31,Current
1206,1093,68,9385.61,Checking
1207,37,33,3832.5,Checking
1208,140,77,8726.05,Current
1209,867,56,32248.98,Checking
1210,680,36,587.43,Savings
1211,745,54,2483.92,Current
1212,137,19,4055.45,Checking
1213,190,43,21418.69,Savings
1214,342,12,973.4,Savings
1215,1029,11,34650.04,Checking
1216,972,70,5727.58,Current
1217,662,12,4542.32,Savings
1218,243,91,4101.6,Savings
1219,415,41,3232.24,Savings
1220,707,25,14261.37,Savings
1221,343,3,1717.58,Current
1222,682,3,7062.87,Checking
1223,653,84,3405.04,Checking
1224,146,28,2333.35,Checking
1225,323,23,66381.15,Savings
1226,122,48,7602.59,Current
1227,311,67,9232.26,Checking
1228,601,42,15599.12,Current
1229,475,88,1206.94,Checking
1230,570,40,28839.03,Savings
1231,575,6,406.77,Checking
1232,347,20,2317.92,Savings
1233,820,11,3159.48,Savings
1234,382,96,8945.6,Checking
1235,72,27,6222.4,Current
1236,521,21,4231.78,Savings
1237,933,13,4940.37,Current
1238,1118,86,1880.27,Checking
1239,339,35,1118.74,Savings
1240,664,47,10339.27,Current
1241,40,86,10005.59,Savings
1242,574,28,24384.12,Checking
1243,966,21,2269.19,Savings
1244,581,18,9996.68,Checking
1245,170,31,3764.94,Current
1246,701,60,16443.21,Savings
1247,511,37,13893.22,Current
1248,584,21,6175.85,Checking
1249,984,14,3560.52,Checking
1250,459,89,13070.66,Current
1251,529,91,9548.1,Current
1252,341,60,2521.86,Checking
1253,57,23,1325.3,Current
1254,218,95,3746.81,Checking
1255,619,29,22756.52,Current
1256,816,47,15735.59,Checking
1257,731,30,1643.96,Checking
1258,464,90,1555.32,Savings
1259,247,84,17887.85,Checking
1260,730,38,1606.09,Checking
1261,373,83,8320.59,Savings
1262,417,27,2700.31,Savings
1263,1055,89,25190.9,Current
1264,368,87,2314.08,Current
1265,559,93,15686.48,Checking
1266,108,15,6015.24,Current
1267,584,59,6434.23,Current
1268,839,3,697.07,Checking
1269,418,10,552.4,Savings
1270,821,79,4010.32,Savings
1271,683,80,6400.29,Checking
1272,1140,17,1622.94,Checking
1273,256,83,1683.28,Checking
1274,1105,11,8766.26,Checking
1275,780,48,8778.38,Checking
1276,1152,5,4356.62,Checking
1277,838,69,10909.56,Current
1278,915,64,1545.33,Current
1279,235,14,3502.59,Current
1280,553,50,25979.7,Savings
1281,181,26,5353.55,Checking
1282,157,72,5673.18,Checking
1283,571,69,50168.36,Current
1284,857,7,1233.8,Savings
1285,1048,16,11088.05,Current
1286,948,55,26401.59,Checking
1287,592,78,3613.15,Checking
1288,134,56,11811.44,Current
1289,421,4,1872.77,Current
1290,213,100,2516.09,Checking
1291,900,48,7347.82,Current
1292,482,17,11111.77,Checking
1293,348,36,15338.63,Current
1294,166,70,24024.32,Savings
1295,937,80,4673.89,Checking
1296,348,93,16494.87,Savings
1297,849,100,3550.66,Current
1298,398,38,12323.76,Savings
1299,583,62,6152.92,Current
1300,726,48,7807.74,Savings
1301,308,10,7636.55,Savings
1302,991,36,1004.74,Savings
1303,798,29,1624.69,Checking
1304,719,78,5539.92,Savings
1305,466,4,925.11,Current
1306,99,44,11480.49,Current
1307,158,56,11953.14,Checking
1308,610,42,6935.19,Checking
1309,554,100,1629.55,Current
1310,651,13,19877.27,Savings
1311,920,46,38345.94,Current
1312,227,82,5792.21,Checking
1313,423,33,8330.91,Checking
1314,1096,21,6117.64,Current
1315,243,80,8497.8,Savings
1316,530,79,4436.56,Savings
1317,1069,57,4830.13,Checking
1318,371,69,12368.53,Current
1319,652,70,52198.93,Current
1320,689,67,1232.9,Checking
1321,734,48,4506.97,Current
1322,92,76,1535.69,Checking
1323,1046,100,24568.44,Savings
1324,172,33,2777.91,Savings
1325,87,36,1180.85,Current
1326,1101,33,9465.23,Savings
1327,179,31,28609.79,Savings
1328,238,21,9708.83,Checking
1329,1159,27,6136.38,Checking
1330,877,91,7527.62,Current
1331,902,72,20579.15,Checking
1332,280,62,2085.98,Current
1333,1043,96,4470.9,Current
1334,740,26,3179.58,Checking
1335,371,66,1555.15,Savings
1336,1136,12,3600.46,Savings
1337,870,22,15137.26,Savings
1338,1019,17,8811.34,Savings
1339,221,7,9523.37,Current
1340,920,68,5788.73,Savings
1341,304,37,8438.14,Current
1342,438,38,2245.32,Checking
1343,1194,96,3669.03,Checking
1344,375,11,6058.38,Current
1345,381,1,6599.24,Savings
1346,986,25,6886.93,Current
1347,14,42,4354.03,Savings
1348,743,52,3428.13,Savings
1349,669,24,117590.61,Current
1350,500,53,12381.77,Current
1351,565,56,7557.84,Savings
1352,530,63,3959.94,Current
1353,492,81,3184.26,Savings
1354,755,8,4386.96,Current
1355,300,59,6701.07,Checking
1356,815,45,762.62,Savings
1357,547,27,1040.86,Checking
1358,727,52,2644.69,Current
1359,731,18,6150.77,Checking
1360,828,91,3936.0,Current
1361,602,86,21923.5,Savings
1362,1032,16,1135.46,Current
1363,768,66,2358.66,Current
1364,875,5,22863.22,Savings
1365,937,82,5700.52,Current
1366,131,3,12113.02,Savings
1367,608,91,38887.97,Current
1368,26,81,2498.36,Savings
1369,635,80,4527.29,Checking
1370,261,70,3807.65,Current
1371,484,7,708.11,Current
1372,680,50,3665.78,Current
1373,1075,14,12067.31,Savings
1374,5,38,8585.09,Current
1375,589,79,9286.12,Savings
1376,1184,47,3434.7,Current
1377,208,33,2594.36,Checking
1378,257,43,17791.02,Current
1379,11,91,3040.8,Checking
1380,949,29,6709.47,Savings
1381,8,57,5887.15,Checking
1382,936,5,21566.8,Current
1383,32,93,13208.36,Current
1384,540,96,1369.14,Savings
1385,1005,60,1524.83,Current
1386,387,70,8920.46,Current
1387,640,2,4688.44,Savings
1388,207,70,3171.69,Savings
1389,557,43,13805.48,Checking
1390,348,4,6030.91,Savings
1391,793,56,5269.29,Current
1392,234,93,10905.49,Savings
1393,1068,59,3436.07,Current
1394,1006,89,23997.67,Checking
1395,737,9,2273.66,Savings
1396,942,3,9644.3,Current
1397,1166,90,20973.73,Savings
1398,176,48,1261.3,Savings
1399,449,43,3547.0,Savings
1400,592,91,15668.39,Savings
